{"giftTransact": [
    {
      "senderEmail": "yoyogiftg2@gmail.com",
      "receiverEmail": "lovelysen020@gmail.com",
      "cardId": 1,
      "cardName": "Yoyo10",
      "cardPoints": 123,
      "cardShortDesc": "10% OFF",
      "cardImage": "https://images.gyft.com/merchants/i-587-1346844989795-53_hd.png",
      "cardIssueDate": "Sun May 19 2019 15:43:25 GMT+0530 (India Standard Time)",
      "cardExpiryDate": "Sun May 26 2019 15:43:25 GMT+0530 (India Standard Time)",
      "isRedeemed": false
    }
]
}